modelNumber,name,material
D1,"
            ",Organic
D1,"
            ",Organic
D1,"
            ",Organic
D1,"
            ",Organic
D1,"
            ",Organic
D1,"
            ",Organic
D1,"
            ",Organic
D1,"
            ",Organic
D1,"
            ",Organic
D1,"
            ",Organic
D8,"
            ",Brass
D8,"
            ",Brass
D8,"
            ",Brass
D8,"
            ",Brass
modelNumber,name,material
D2,"<a class=""js-product-link"" data-id=""2568805"" href=""/detail/b/duro-2972/accessories-16449/accessories---exterior-16767/car-covers---front-end-covers-16784/car-cover-11040/dcbc6e50137f/budge-duro-3-layer-polypropylene-car-cover/d2/2568805?q=D2&amp;pos=0"">
            <img class=""product_img_center lazy"" onerror=""if (this.src != '/img/image-coming-soon.png') this.src = '/img/image-coming-soon.png';"" data-original=""//images.oreillyauto.com/parts/img/medium/bi/duro_car_gray.jpg"" alt=""Budge Duro 3 Layer Polypropylene Car Cover  "">
        </a>",Gray
D2,"<a class=""js-product-link"" data-id=""2568805"" href=""/detail/b/duro-2972/accessories-16449/accessories---exterior-16767/car-covers---front-end-covers-16784/car-cover-11040/dcbc6e50137f/budge-duro-3-layer-polypropylene-car-cover/d2/2568805?q=D2&amp;pos=0"">
            <img class=""product_img_center lazy"" onerror=""if (this.src != '/img/image-coming-soon.png') this.src = '/img/image-coming-soon.png';"" data-original=""//images.oreillyauto.com/parts/img/medium/bi/duro_car_gray.jpg"" alt=""Budge Duro 3 Layer Polypropylene Car Cover  "">
        </a>",Gray
D8,"<a class=""js-product-link"" data-id=""2595880"" href=""/detail/b/bwd-3123/ignition---tune-up-16776/distributor-cap---rotor-16854/distributor-rotor-12509/dec0a16afda5/bwd-distributor-rotor/d8/2595880?q=D8&amp;pos=0"">
            <img class=""product_img_center lazy"" onerror=""if (this.src != '/img/image-coming-soon.png') this.src = '/img/image-coming-soon.png';"" data-original=""//images.oreillyauto.com/parts/img/medium/bwd/d8_primary.jpg"" alt=""BWD Distributor Rotor "">
        </a>",Brass
D8,"<a class=""js-product-link"" data-id=""2595880"" href=""/detail/b/bwd-3123/ignition---tune-up-16776/distributor-cap---rotor-16854/distributor-rotor-12509/dec0a16afda5/bwd-distributor-rotor/d8/2595880?q=D8&amp;pos=0"">
            <img class=""product_img_center lazy"" onerror=""if (this.src != '/img/image-coming-soon.png') this.src = '/img/image-coming-soon.png';"" data-original=""//images.oreillyauto.com/parts/img/medium/bwd/d8_primary.jpg"" alt=""BWD Distributor Rotor "">
        </a>",Brass
D8,"<a class=""js-product-link"" data-id=""2595880"" href=""/detail/b/bwd-3123/ignition---tune-up-16776/distributor-cap---rotor-16854/distributor-rotor-12509/dec0a16afda5/bwd-distributor-rotor/d8/2595880?q=D8&amp;pos=0"">
            <img class=""product_img_center lazy"" onerror=""if (this.src != '/img/image-coming-soon.png') this.src = '/img/image-coming-soon.png';"" data-original=""//images.oreillyauto.com/parts/img/medium/bwd/d8_primary.jpg"" alt=""BWD Distributor Rotor "">
        </a>",Brass
D8,"<a class=""js-product-link"" data-id=""2595880"" href=""/detail/b/bwd-3123/ignition---tune-up-16776/distributor-cap---rotor-16854/distributor-rotor-12509/dec0a16afda5/bwd-distributor-rotor/d8/2595880?q=D8&amp;pos=0"">
            <img class=""product_img_center lazy"" onerror=""if (this.src != '/img/image-coming-soon.png') this.src = '/img/image-coming-soon.png';"" data-original=""//images.oreillyauto.com/parts/img/medium/bwd/d8_primary.jpg"" alt=""BWD Distributor Rotor "">
        </a>",Brass
D9,"<a class=""js-product-link"" data-id=""2542368"" href=""/detail/b/brakebest-brake-pads-2904/brake-systems-16456/brake-pads-shoes-16515/brake-pads-12845/a99314144bb6/brakebest-organic-brake-pads/d9/2542368?q=D9&amp;pos=0"">
            <img class=""product_img_center lazy"" onerror=""if (this.src != '/img/image-coming-soon.png') this.src = '/img/image-coming-soon.png';"" data-original=""//images.oreillyauto.com/parts/img/medium/obr/d9.jpg"" alt=""BrakeBest Organic Brake Pads "">
        </a>",Organic
D9,"<a class=""js-product-link"" data-id=""2542368"" href=""/detail/b/brakebest-brake-pads-2904/brake-systems-16456/brake-pads-shoes-16515/brake-pads-12845/a99314144bb6/brakebest-organic-brake-pads/d9/2542368?q=D9&amp;pos=0"">
            <img class=""product_img_center lazy"" onerror=""if (this.src != '/img/image-coming-soon.png') this.src = '/img/image-coming-soon.png';"" data-original=""//images.oreillyauto.com/parts/img/medium/obr/d9.jpg"" alt=""BrakeBest Organic Brake Pads "">
        </a>",Organic
D9,"<a class=""js-product-link"" data-id=""2542368"" href=""/detail/b/brakebest-brake-pads-2904/brake-systems-16456/brake-pads-shoes-16515/brake-pads-12845/a99314144bb6/brakebest-organic-brake-pads/d9/2542368?q=D9&amp;pos=0"">
            <img class=""product_img_center lazy"" onerror=""if (this.src != '/img/image-coming-soon.png') this.src = '/img/image-coming-soon.png';"" data-original=""//images.oreillyauto.com/parts/img/medium/obr/d9.jpg"" alt=""BrakeBest Organic Brake Pads "">
        </a>",Organic
D9,"<a class=""js-product-link"" data-id=""2542368"" href=""/detail/b/brakebest-brake-pads-2904/brake-systems-16456/brake-pads-shoes-16515/brake-pads-12845/a99314144bb6/brakebest-organic-brake-pads/d9/2542368?q=D9&amp;pos=0"">
            <img class=""product_img_center lazy"" onerror=""if (this.src != '/img/image-coming-soon.png') this.src = '/img/image-coming-soon.png';"" data-original=""//images.oreillyauto.com/parts/img/medium/obr/d9.jpg"" alt=""BrakeBest Organic Brake Pads "">
        </a>",Organic
D11,"<a class=""js-product-link"" data-id=""2542046"" href=""/detail/b/brakebest-brake-pads-2904/brake-systems-16456/brake-pads-shoes-16515/brake-pads-12845/a99314144bb6/brakebest-organic-front-brake-pads/d11/2542046?q=D11&amp;pos=0"">
            <img class=""product_img_center lazy"" onerror=""if (this.src != '/img/image-coming-soon.png') this.src = '/img/image-coming-soon.png';"" data-original=""//images.oreillyauto.com/parts/img/medium/obr/d11.jpg"" alt=""BrakeBest Organic Front Brake Pads "">
        </a>",Organic
D11,"<a class=""js-product-link"" data-id=""2542046"" href=""/detail/b/brakebest-brake-pads-2904/brake-systems-16456/brake-pads-shoes-16515/brake-pads-12845/a99314144bb6/brakebest-organic-front-brake-pads/d11/2542046?q=D11&amp;pos=0"">
            <img class=""product_img_center lazy"" onerror=""if (this.src != '/img/image-coming-soon.png') this.src = '/img/image-coming-soon.png';"" data-original=""//images.oreillyauto.com/parts/img/medium/obr/d11.jpg"" alt=""BrakeBest Organic Front Brake Pads "">
        </a>",Organic
D11,"<a class=""js-product-link"" data-id=""2542046"" href=""/detail/b/brakebest-brake-pads-2904/brake-systems-16456/brake-pads-shoes-16515/brake-pads-12845/a99314144bb6/brakebest-organic-front-brake-pads/d11/2542046?q=D11&amp;pos=0"">
            <img class=""product_img_center lazy"" onerror=""if (this.src != '/img/image-coming-soon.png') this.src = '/img/image-coming-soon.png';"" data-original=""//images.oreillyauto.com/parts/img/medium/obr/d11.jpg"" alt=""BrakeBest Organic Front Brake Pads "">
        </a>",Organic
D11,"<a class=""js-product-link"" data-id=""2542046"" href=""/detail/b/brakebest-brake-pads-2904/brake-systems-16456/brake-pads-shoes-16515/brake-pads-12845/a99314144bb6/brakebest-organic-front-brake-pads/d11/2542046?q=D11&amp;pos=0"">
            <img class=""product_img_center lazy"" onerror=""if (this.src != '/img/image-coming-soon.png') this.src = '/img/image-coming-soon.png';"" data-original=""//images.oreillyauto.com/parts/img/medium/obr/d11.jpg"" alt=""BrakeBest Organic Front Brake Pads "">
        </a>",Organic
D3,"<a class=""js-product-link"" data-id=""2542232"" href=""/detail/b/brakebest-brake-pads-2904/brake-systems-16456/brake-pads-shoes-16515/brake-pads-12845/a99314144bb6/brakebest-organic-front-brake-pads/d3/2542232?q=D3&amp;pos=0"">
            <img class=""product_img_center lazy"" onerror=""if (this.src != '/img/image-coming-soon.png') this.src = '/img/image-coming-soon.png';"" data-original=""//images.oreillyauto.com/parts/img/medium/obr/d3.jpg"" alt=""BrakeBest Organic Front Brake Pads "">
        </a>",Organic
modelNumber,name,material
D3,,Organic
D3,,Organic
D3,,Organic
D3,,Organic
D1,,Organic
D1,,Organic
D1,,Organic
D1,,Organic
D1,,Organic
D1,,Organic
D1,,Organic
D1,,Organic
D1,,Organic
D1,,Organic
D21,,Organic
D21,,Organic
D21,,Organic
D23,,Organic
D23,,Organic
D23,,Organic
D9,,Organic
D9,,Organic
D9,,Organic
D9,,Organic
D10,,Brass
D10,,Brass
D10,,Brass
D10,,Brass
D30,,Organic
D30,,Organic
D30,,Organic
D30,,Organic
D8,,Brass
D8,,Brass
D8,,Brass
D8,,Brass
D34,,Brass
D34,,Brass
D34,,Brass
D34,,Brass
D11,,Organic
D11,,Organic
D11,,Organic
D11,,Organic
D2,,Gray
D2,,Gray
D20,,Organic
D20,,Organic
D20,,Organic
D20,,Organic
D20,,Organic
D38,,Organic
D38,,Organic
D38,,Organic
D31,,Organic
D31,,Organic
D27,,Organic
D27,,Organic
D27,,Organic
D45,,Organic
D45,,Organic
D40-1,,1 Gallon
D40-1,,1 Gallon
D33,,Organic
D33,,Organic
D33,,Organic
D43,,Organic
D43,,Organic
D36,,Organic
D36,,Organic
D36,,Organic
D54,,Organic
D54,,Organic
D48,,Organic
D48,,Organic
D56,,Organic
D56,,Organic
D56,,Organic
D50,,Organic
D50,,Organic
D50,,Organic
D50,,Organic
D50,,Organic
D52,,Organic
D52,,Organic
D52,,Organic
D37,,Organic
D37,,Organic
D59,,Organic
D59,,Organic
D49,,12 Volt
modelNumber,name,material
D3,"
                ",Organic
D3,"
                ",Organic
D3,"
                ",Organic
D3,"
                ",Organic
